{
  "hardware": {
    "clock_hz": 1000000000,
    "awgs": [
      {
        "id": "awg0",
        "channels": [
          "d0",
          "d1",
          "d2"
        ]
      },
      {
        "id": "awg1",
        "channels": [
          "d3",
          "d4"
        ]
      }
    ],
    "readouts": [
      {
        "id": "adc0",
        "channels": [
          "r0",
          "r1"
        ]
      }
    ]
  },
  "mapping": {
    "registers": [
      {
        "reg": 0,
        "qudit_id": "q0",
        "drive_channel": "d0",
        "readout_channel": "r0",
        "levels": {
          "0": {
            "freq_hz": 5000000000.0
          },
          "1": {
            "freq_hz": 5020000000.0
          },
          "2": {
            "freq_hz": 5040000000.0
          },
          "3": {
            "freq_hz": 5060000000.0
          },
          "4": {
            "freq_hz": 5080000000.0
          }
        }
      },
      {
        "reg": 1,
        "qudit_id": "q1",
        "drive_channel": "d1",
        "readout_channel": "r1",
        "levels": {
          "0": {
            "freq_hz": 4900000000.0
          },
          "1": {
            "freq_hz": 4920000000.0
          },
          "2": {
            "freq_hz": 4940000000.0
          },
          "3": {
            "freq_hz": 4960000000.0
          },
          "4": {
            "freq_hz": 4980000000.0
          }
        }
      }
    ]
  },
  "timing": {
    "dt_ns": 0.25,
    "vz_latency_ns": 0.0
  },
  "waveforms": {
    "gaussian": {
      "sigma_ns": 1.5,
      "length_ns": 6.0
    }
  },
  "calibration": {
    "rot_scale_per_rad": 1.0
  },
  "risc_encoding": {
    "theta_fixed_scale": 81.16902097686662,
    "opcodes": {
      "QPHZ": 1,
      "QROT": 2,
      "QCPZ": 3,
      "QCRT": 4
    }
  }
}