[
  {
    "t0_ns": 0.0,
    "t1_ns": 0.0,
    "chan": "d1",
    "shape": "frame_update",
    "phase_rad": 0.7
  },
  {
    "t0_ns": 0.25,
    "t1_ns": 6.25,
    "chan": "d1",
    "shape": "gaussian",
    "sigma_ns": 1.5,
    "amp": 0.4,
    "freq_hz": "4.940000e9"
  },
  {
    "t0_ns": 6.5,
    "t1_ns": 6.5,
    "chan": "d1",
    "shape": "frame_update",
    "phase_rad": 0.2617993877991494
  },
  {
    "t0_ns": 6.75,
    "t1_ns": 12.75,
    "chan": "d1",
    "shape": "gaussian",
    "sigma_ns": 1.5,
    "amp": 0.17453292519943295,
    "freq_hz": "4.920000e9"
  }
]